﻿<?xml version="1.0" encoding="utf-8"?>
<resources>
 
  <string-array name="countriesArray">
    <item>United States</item>
    <item>Canada</item>
    <item>Afghanistan</item>
    <item>Albania</item>
    <item>Algeria</item>
    <item>American Samoa</item>
    <item>Andorra</item>
    <item>Angola</item>
    <item>Anguilla</item>
    <item>Antarctica</item>
    <item>Antigua and/or Barbuda</item>
    <item>Argentina</item>
    <item>Armenia</item>
    <item>Aruba</item>
    <item>Australia</item>
    <item>Austria</item>
    <item>Azerbaijan</item>
    <item>Bahamas</item>
    <item>Bahrain</item>
    <item>Bangladesh</item>
    <item>Barbados</item>
    <item>Belarus</item>
    <item>Belgium</item>
    <item>Belize</item>
    <item>Benin</item>
    <item>Bermuda</item>
    <item>Bhutan</item>
    <item>Bolivia</item>
    <item>Bosnia and Herzegovina</item>
    <item>Botswana</item>
    <item>Bouvet Island</item>
    <item>Brazil</item>
    <item>Brunei Darussalam</item>
    <item>Bulgaria</item>
    <item>Burkina Faso</item>
    <item>Burundi</item>
    <item>Cambodia</item>
    <item>Cameroon</item>
    <item>Cape Verde</item>
    <item>Cayman Islands</item>
    <item>Central African Republic</item>
    <item>Chad</item>
    <item>Chile</item>
    <item>China</item>
    <item>Christmas Island</item>
    <item>Cocos (Keeling) Islands</item>
    <item>Colombia</item>
    <item>Comoros</item>
    <item>Congo</item>
    <item>Cook Islands</item>
    <item>Costa Rica</item>
    <item>Croatia (Hrvatska)</item>
    <item>Cuba</item>
    <item>Cyprus</item>
    <item>Czech Republic</item>
    <item>Denmark</item>
    <item>Djibouti</item>
    <item>Dominica</item>
    <item>Dominican Republic</item>
    <item>East Timor</item>
    <item>Ecuador</item>
    <item>Egypt</item>
    <item>El Salvador</item>
    <item>Equatorial Guinea</item>
    <item>Eritrea</item>
    <item>Estonia</item>
    <item>Ethiopia</item>
    <item>Falkland Islands (Malvinas)</item>
    <item>Faroe Islands</item>
    <item>Fiji</item>
    <item>Finland</item>
    <item>France</item>
    <item>France, Metropolitan</item>
    <item>French Guiana</item>
    <item>French Polynesia</item>
    <item>French Southern Territories</item>
    <item>Gabon</item>
    <item>Gambia</item>
    <item>Georgia</item>
    <item>Germany</item>
    <item>Ghana</item>
    <item>Gibraltar</item>
    <item>Greece</item>
    <item>Greenland</item>
    <item>Grenada</item>
    <item>Guadeloupe</item>
    <item>Guam</item>
    <item>Guatemala</item>
    <item>Guinea</item>
    <item>Guinea-Bissau</item>
    <item>Guyana</item>
    <item>Haiti</item>
    <item>Heard and Mc Donald Islands</item>
    <item>Honduras</item>
    <item>Hong Kong</item>
    <item>Hungary</item>
    <item>Iceland</item>
    <item>India</item>
    <item>Indonesia</item>
    <item>Iran (Islamic Republic of)</item>
    <item>Iraq</item>
    <item>Ireland</item>
    <item>Israel</item>
    <item>Italy</item>
    <item>Ivory Coast</item>
    <item>Jamaica</item>
    <item>Japan</item>
    <item>Jordan</item>
    <item>Kazakhstan</item>
    <item>Kenya</item>
    <item>Kiribati</item>
    <item>"Korea, Democratic People&apos;s Republic of"</item>
    <item>Korea, Republic of</item>
    <item>Kosovo</item>
    <item>Kuwait</item>
    <item>Kyrgyzstan</item>
    <item>"Lao People&apos;s Democratic Republic"</item>
    <item>Latvia</item>
    <item>Lebanon</item>
    <item>Lesotho</item>
    <item>Liberia</item>
    <item>Libyan Arab Jamahiriya</item>
    <item>Liechtenstein</item>
    <item>Lithuania</item>
    <item>Luxembourg</item>
    <item>Macau</item>
    <item>Macedonia</item>
    <item>Madagascar</item>
    <item>Malawi</item>
    <item>Malaysia</item>
    <item>Maldives</item>
    <item>Mali</item>
    <item>Malta</item>
    <item>Marshall Islands</item>
    <item>Martinique</item>
    <item>Mauritania</item>
    <item>Mauritius</item>
    <item>Mayotte</item>
    <item>Mexico</item>
    <item>Micronesia, Federated States of</item>
    <item>Moldova, Republic of</item>
    <item>Monaco</item>
    <item>Mongolia</item>
    <item>Montenegro</item>
    <item>Montserrat</item>
    <item>Morocco</item>
    <item>Mozambique</item>
    <item>Myanmar</item>
    <item>Namibia</item>
    <item>Nauru</item>
    <item>Nepal</item>
    <item>Netherlands</item>
    <item>Netherlands Antilles</item>
    <item>New Caledonia</item>
    <item>New Zealand</item>
    <item>Nicaragua</item>
    <item>Niger</item>
    <item>Nigeria</item>
    <item>Niue</item>
    <item>Norfork Island</item>
    <item>Northern Mariana Islands</item>
    <item>Norway</item>
    <item>Oman</item>
    <item>Pakistan</item>
    <item>Palau</item>
    <item>Panama</item>
    <item>Papua New Guinea</item>
    <item>Paraguay</item>
    <item>Peru</item>
    <item>Philippines</item>
    <item>Pitcairn</item>
    <item>Poland</item>
    <item>Portugal</item>
    <item>Puerto Rico</item>
    <item>Qatar</item>
    <item>Reunion</item>
    <item>Romania</item>
    <item>Russian Federation</item>
    <item>Rwanda</item>
    <item>Saint Kitts and Nevis</item>
    <item>Saint Lucia</item>
    <item>Saint Vincent and the Grenadines</item>
    <item>Samoa</item>
    <item>San Marino</item>
    <item>Sao Tome and Principe</item>
    <item>Saudi Arabia</item>
    <item>Senegal</item>
    <item>Serbia</item>
    <item>Seychelles</item>
    <item>Sierra Leone</item>
    <item>Singapore</item>
    <item>Slovakia</item>
    <item>Slovenia</item>
    <item>Solomon Islands</item>
    <item>Somalia</item>
    <item>South Africa</item>
    <item>South Georgia South Sandwich Islands</item>
    <item>Spain</item>
    <item>Sri Lanka</item>
    <item>St. Helena</item>
    <item>St. Pierre and Miquelon</item>
    <item>Sudan</item>
    <item>Suriname</item>
    <item>Svalbarn and Jan Mayen Islands</item>
    <item>Swaziland</item>
    <item>Sweden</item>
    <item>Switzerland</item>
    <item>Syrian Arab Republic</item>
    <item>Taiwan</item>
    <item>Tajikistan</item>
    <item>Tanzania, United Republic of</item>
    <item>Thailand</item>
    <item>Togo</item>
    <item>Tokelau</item>
    <item>Tonga</item>
    <item>Trinidad and Tobago</item>
    <item>Tunisia</item>
    <item>Turkey</item>
    <item>Turkmenistan</item>
    <item>Turks and Caicos Islands</item>
    <item>Tuvalu</item>
    <item>Uganda</item>
    <item>Ukraine</item>
    <item>United Arab Emirates</item>
    <item>United Kingdom</item>
    <item>United States minor outlying islands</item>
    <item>Uruguay</item>
    <item>Uzbekistan</item>
    <item>Vanuatu</item>
    <item>Vatican City State</item>
    <item>Venezuela</item>
    <item>Vietnam</item>
    <item>Yemen</item>
    <item>Yugoslavia</item>
    <item>Zaire</item>
    <item>Zambia</item>
    <item>Zimbabwe</item>
  </string-array>
 
  <string-array name="AgeArray">
    <item>1</item>
    <item>2</item>
    <item>3</item>
    <item>4</item>
    <item>5</item>
    <item>6</item>
    <item>7</item>
    <item>8</item>
    <item>9</item>
    <item>10</item>
    <item>11</item>
    <item>12</item>
    <item>13</item>
    <item>14</item>
    <item>15</item>
    <item>16</item>
    <item>17</item>
    <item>18</item>
    <item>19</item>
    <item>20</item>
    <item>21</item>
    <item>22</item>
    <item>23</item>
    <item>24</item>
    <item>25</item>
    <item>26</item>
    <item>27</item>
    <item>28</item>
    <item>29</item>
    <item>30</item>
    <item>31</item>
    <item>32</item>
    <item>34</item>
    <item>35</item>
    <item>36</item>
    <item>37</item>
    <item>38</item>
    <item>39</item>
    <item>40</item>
    <item>41</item>
    <item>42</item>
    <item>43</item>
    <item>44</item>
    <item>45</item>
    <item>46</item>
    <item>47</item>
    <item>48</item>
    <item>49</item>
    <item>50</item>
    <item>51</item>
    <item>52</item>
    <item>53</item>
    <item>54</item>
    <item>55</item>
    <item>56</item>
    <item>57</item>
    <item>58</item>
    <item>59</item>
    <item>60</item>
    <item>61</item>
    <item>62</item>
    <item>63</item>
    <item>64</item>
    <item>65</item>
    <item>66</item>
    <item>67</item>
    <item>68</item>
    <item>69</item>
    <item>70</item>
    <item>71</item>
    <item>72</item>
    <item>73</item>
    <item>74</item>
    <item>75</item>
    <item>76</item>
    <item>77</item>
    <item>78</item>
    <item>79</item>
    <item>80</item>
    <item>81</item>
    <item>82</item>
    <item>83</item>
    <item>84</item>
    <item>85</item>
    <item>86</item>
    <item>87</item>
    <item>88</item>
    <item>89</item>
    <item>90</item>
    <item>91</item>
    <item>92</item>
    <item>93</item>
    <item>94</item>
    <item>95</item>
    <item>96</item>
    <item>97</item>
    <item>98</item>
    <item>99</item>
  </string-array>

  <string-array name="themeListArray">
    <item>@string/Lbl_Light</item>
    <item>@string/Lbl_Dark</item>
    <item>@string/Lbl_SetByBattery</item>
  </string-array>

  <!--Don't Translate this Id-->
  <string-array name="themeEntryArray">
    <item>light</item>
    <item>dark</item>
    <item>default</item>
  </string-array>
 
</resources>