﻿<?xml version="1.0" encoding="utf-8"?>
<selector xmlns:android="http://schemas.android.com/apk/res/android">
  <item android:state_checked="true">
    <layer-list>
      <item>
        <shape android:shape="oval">
          <corners android:radius="1dp" />
          <stroke
            android:width="1dp"
            android:color="@color/accent" />
          <gradient
            android:startColor="@color/accent"
            android:centerColor="@color/accent"
            android:endColor="@color/accent"
            android:angle="270" />
          <size
            android:width="30dp"
            android:height="30dp" />
        </shape>
      </item>

      <item
        android:width="8dp"
        android:height="2dp"
        android:top="20dp"
        android:left="6dp">
        <rotate
          android:fromDegrees="45">
          <shape android:shape="rectangle">
            <solid android:color="@color/white"/>
          </shape>
        </rotate>
      </item>

      <item
        android:width="19dp"
        android:height="2dp"
        android:top="16dp"
        android:left="9dp">
        <rotate
          android:fromDegrees="-45">
          <shape android:shape="rectangle">
            <solid android:color="@color/white"/>
          </shape>
        </rotate>
      </item>
    </layer-list>
  </item>

</selector>
