﻿<?xml version="1.0" encoding="utf-8" ?>
<selector xmlns:android="http://schemas.android.com/apk/res/android">
  <item>
    <layer-list>
      <item>
        <shape android:shape="oval">
          <gradient
              android:startColor="#FF000000"
                        android:endColor="#00000000"

              android:gradientRadius="31dp"
              android:type="radial"/>
        </shape>
      </item>
      <item android:top="5dp" android:left="5dp" android:right="5dp" android:bottom="5dp">
        <shape android:shape="oval">
          <size android:width="55dp"
              android:height="55dp"/>
          <gradient
  android:angle="360"
        android:startColor="@color/accent"
        android:endColor="@color/primary"
        android:type="linear" />
          <!--<solid android:color="@color/accent" />-->
          <stroke android:width="1dp"
       android:color="@color/white" />
        </shape>
      </item>


    </layer-list>
  </item>

</selector>