﻿<?xml version="1.0" encoding="utf-8" ?>
<layer-list  xmlns:android="http://schemas.android.com/apk/res/android">
  <item>
    <shape xmlns:android="http://schemas.android.com/apk/res/android"
           android:shape="rectangle">
      <solid android:color="#444444" />
    </shape>
  </item>
  <item
    android:bottom="0dp"
    android:left="-100dp"
    android:right="-100dp"
    android:top="-100dp">
    <shape xmlns:android="http://schemas.android.com/apk/res/android"
           android:shape="oval">

      <solid android:color="#232323" />
    </shape>
  </item>
</layer-list>