﻿<?xml version="1.0" encoding="utf-8" ?>
<layer-list xmlns:android="http://schemas.android.com/apk/res/android">
<item>
  <shape xmlns:android="http://schemas.android.com/apk/res/android"
         android:shape="rectangle">
    <solid android:color="@color/white" />

  </shape>
</item>
<item
  android:bottom="230dp"
  android:left="-100dp"
  android:right="-100dp"
  android:top="-200dp">
  <shape xmlns:android="http://schemas.android.com/apk/res/android"
         android:shape="oval">
    <gradient
      android:angle="90"
      android:endColor="#efefef"
      android:startColor="#efefef" />
  </shape>
</item>
<item
  android:bottom="232dp"
  android:left="-100dp"

  android:right="-100dp"
  android:top="-170dp">
  <shape xmlns:android="http://schemas.android.com/apk/res/android"
         android:shape="oval">
    <gradient
      android:startColor="@color/primary"
      android:endColor="@color/accent"
      android:gradientRadius="400"
      android:type="linear" />
  </shape>
</item>
</layer-list>