﻿<?xml version="1.0" encoding="utf-8"?>
<selector xmlns:android="http://schemas.android.com/apk/res/android">
  <item android:state_pressed="true" >
    <shape>
      <corners android:radius="100dp" />
      <solid
        android:color="#80e4e4e4" />
      <stroke
        android:width="1dp"
        android:color="@color/white" />
    </shape>
  </item>
  <item>
    <shape>
      <corners android:radius="100dp" />
      <solid
        android:color="#80000000" />
      <stroke
        android:width="1dp"
        android:color="#9d9ea0"/>
    </shape>
  </item>
</selector>